"site","survey_year","transect_plot","quadrat","germ_survey_date","pick_color","number_germ","missing_germs","germ_notes","mort_survey_date","num_dead","mort_notes","days_since_germ","cum_dead","count_check"
"TM2",2020,"lower",0,2020-11-30,"red",0,0,NA,2021-02-26,0,NA,88,0,TRUE
"TM2",2020,"lower",0.5,2020-11-30,"red",0,0,NA,2021-02-26,0,NA,88,0,TRUE
"TM2",2020,"lower",1,2020-11-30,"red",0,0,NA,2021-02-26,0,NA,88,0,TRUE
"TM2",2020,"lower",1.5,2020-11-30,"red",0,0,NA,2021-02-26,0,NA,88,0,TRUE
"TM2",2020,"lower",2,2020-11-30,"red",0,0,NA,2021-02-26,0,NA,88,0,TRUE
"TM2",2020,"lower",2.5,2020-11-30,"red",0,0,NA,2021-02-26,0,NA,88,0,TRUE
"TM2",2020,"lower",3,2020-11-30,"red",0,0,"Plant blue perennated",2021-02-26,0,NA,88,0,TRUE
"TM2",2020,"lower",3.5,2020-11-30,"red",0,0,NA,2021-02-26,0,NA,88,0,TRUE
"TM2",2020,"lower",4,2020-11-30,"red",0,0,NA,2021-02-26,0,NA,88,0,TRUE
"TM2",2020,"lower",4.5,2020-11-30,"red",0,0,NA,2021-02-26,0,NA,88,0,TRUE
"TM2",2020,"lower",5,2020-11-30,"red",0,0,NA,2021-02-26,0,NA,88,0,TRUE
"TM2",2020,"lower",5.5,2020-11-30,"red",0,0,NA,2021-02-26,0,NA,88,0,TRUE
"TM2",2020,"lower",6,2020-11-30,"red",0,0,NA,2021-02-26,0,NA,88,0,TRUE
"TM2",2020,"lower",6.5,2020-11-30,"red",0,0,NA,2021-02-26,0,NA,88,0,TRUE
"TM2",2020,"lower",7,2020-11-30,"red",0,0,NA,2021-02-26,0,NA,88,0,TRUE
"TM2",2020,"lower",7.5,2020-11-30,"red",8,0,NA,2021-02-26,0,NA,88,0,TRUE
"TM2",2020,"lower",8,2020-11-30,"red",5,0,NA,2021-02-26,1,NA,88,1,TRUE
"TM2",2020,"lower",8.5,2020-11-30,"red",3,0,NA,2021-02-26,1,NA,88,1,TRUE
"TM2",2020,"lower",9,2020-11-30,"red",0,0,NA,2021-02-26,0,NA,88,0,TRUE
"TM2",2020,"lower",9.5,2020-11-30,"red",1,0,NA,2021-02-26,1,NA,88,1,TRUE
"TM2",2020,"lower",10,2020-11-30,"red",2,0,NA,2021-02-26,1,"cant find red pick",88,1,TRUE
"TM2",2020,"lower",10.5,2020-11-30,"red",0,0,NA,2021-02-26,0,"perennial in plot",88,0,TRUE
"TM2",2020,"lower",11,2020-11-30,"red",3,0,NA,2021-02-26,2,NA,88,2,TRUE
"TM2",2020,"lower",11.5,2020-11-30,"red",0,0,NA,2021-02-26,0,NA,88,0,TRUE
"TM2",2020,"lower",12,2020-11-30,"red",0,0,NA,2021-02-26,0,NA,88,0,TRUE
"TM2",2020,"lower",12.5,2020-11-30,"red",0,0,NA,2021-02-26,0,NA,88,0,TRUE
"TM2",2020,"lower",13,2020-11-30,"red",0,0,NA,2021-02-26,0,NA,88,0,TRUE
"TM2",2020,"lower",13.5,2020-11-30,"red",0,0,NA,2021-02-26,0,NA,88,0,TRUE
"TM2",2020,"lower",14,2020-11-30,"red",3,0,NA,2021-02-26,0,NA,88,0,TRUE
"TM2",2020,"lower",14.5,2020-11-30,"red",24,0,NA,2021-02-26,8,NA,88,8,TRUE
"TM2",2020,"lower",15,2020-11-30,"red",12,0,NA,2021-02-26,5,"couldn't find two red picks",88,5,TRUE
"TM2",2020,"lower",15.5,2020-11-30,"red",3,0,NA,2021-02-26,0,NA,88,0,TRUE
"TM2",2020,"lower",16,2020-11-30,"red",0,0,NA,2021-02-26,0,NA,88,0,TRUE
"TM2",2020,"lower",16.5,2020-11-30,"red",0,0,NA,2021-02-26,0,NA,88,0,TRUE
"TM2",2020,"lower",17,2020-11-30,"red",0,0,NA,2021-02-26,0,NA,88,0,TRUE
"TM2",2020,"lower",17.5,2020-11-30,"red",1,0,NA,2021-02-26,0,NA,88,0,TRUE
"TM2",2020,"lower",18,2020-11-30,"red",0,0,NA,2021-02-26,0,NA,88,0,TRUE
"TM2",2020,"lower",18.5,2020-11-30,"red",0,0,NA,2021-02-26,0,NA,88,0,TRUE
"TM2",2020,"upper",0,2020-11-30,"red",0,0,"still need to sort out",2021-02-26,0,NA,88,0,TRUE
"TM2",2020,"upper",0.5,2020-11-30,"red",0,0,"0.5x0.2 @TM",2021-02-26,0,NA,88,0,TRUE
"TM2",2020,"upper",1,2020-11-30,"red",0,0,"(make sure noted with data)",2021-02-26,0,NA,88,0,TRUE
"TM2",2020,"upper",1.5,2020-11-30,"red",0,0,"(2020 looks like .5m) doing .5x.5 for 2020-2021",2021-02-26,0,NA,88,0,TRUE
"TM2",2020,"upper",2,2020-11-30,"red",1,0,NA,2021-02-26,0,"one red plant crispy",88,0,TRUE
"TM2",2020,"upper",2.5,2020-11-30,"red",0,0,NA,2021-02-26,0,NA,88,0,TRUE
"TM2",2020,"upper",3,2020-11-30,"red",0,0,NA,2021-02-26,0,NA,88,0,TRUE
"TM2",2020,"upper",3.5,2020-11-30,"red",0,0,NA,2021-02-26,0,NA,88,0,TRUE
"TM2",2020,"upper",4,2020-11-30,"red",1,0,NA,2021-02-26,1,NA,88,1,TRUE
"TM2",2020,"upper",4.5,2020-11-30,"red",0,0,NA,2021-02-26,0,NA,88,0,TRUE
"TM2",2020,"upper",5,2020-11-30,"red",0,0,NA,2021-02-26,0,NA,88,0,TRUE
"TM2",2020,"upper",5.5,2020-11-30,"red",1,0,NA,2021-02-26,1,NA,88,1,TRUE
"TM2",2020,"upper",6,2020-11-30,"red",0,0,NA,2021-02-26,0,NA,88,0,TRUE
"TM2",2020,"upper",6.5,2020-11-30,"red",12,0,NA,2021-02-26,4,NA,88,4,TRUE
"TM2",2020,"upper",7,2020-11-30,"red",3,0,NA,2021-02-26,1,"could not find one yellow",88,1,TRUE
"TM2",2020,"upper",7.5,2020-11-30,"red",2,0,NA,2021-02-26,1,NA,88,1,TRUE
"TM2",2020,"upper",8,2020-11-30,"red",3,0,NA,2021-02-26,0,NA,88,0,TRUE
"TM2",2020,"upper",8.5,2020-11-30,"red",2,0,NA,2021-02-26,0,NA,88,0,TRUE
"TM2",2020,"upper",9,2020-11-30,"red",1,0,NA,2021-02-26,1,NA,88,1,TRUE
"TM2",2020,"upper",9.5,2020-11-30,"red",2,0,NA,2021-02-26,0,NA,88,0,TRUE
"TM2",2020,"upper",10,2020-11-30,"red",3,0,NA,2021-02-26,0,"blue seedlings very small",88,0,TRUE
"TM2",2020,"upper",10.5,2020-11-30,"red",3,0,NA,2021-02-26,0,NA,88,0,TRUE
"TM2",2020,"upper",11,2020-11-30,"red",0,0,NA,2021-02-26,0,NA,88,0,TRUE
"TM2",2020,"upper",11.5,2020-11-30,"red",1,0,NA,2021-02-26,0,NA,88,0,TRUE
"TM2",2020,"upper",12,2020-11-30,"red",1,0,NA,2021-02-26,0,NA,88,0,TRUE
"TM2",2020,"upper",12.5,2020-11-30,"red",3,0,NA,2021-02-26,0,NA,88,0,TRUE
"TM2",2020,"upper",13,2020-11-30,"red",5,0,NA,2021-02-26,1,NA,88,1,TRUE
"TM2",2020,"upper",13.5,2020-11-30,"red",4,0,NA,2021-02-26,0,NA,88,0,TRUE
"TM2",2020,"upper",14,2020-11-30,"red",2,0,NA,2021-02-26,0,NA,88,0,TRUE
"TM2",2020,"upper",14.5,2020-11-30,"red",1,0,NA,2021-02-26,0,NA,88,0,TRUE
"TM2",2020,"upper",15,2020-11-30,"red",0,0,NA,2021-02-26,0,NA,88,0,TRUE
"TM2",2020,"upper",15.5,2020-11-30,"red",0,0,NA,2021-02-26,0,NA,88,0,TRUE
"TM2",2020,"upper",16,2020-11-30,"red",0,0,NA,2021-02-26,0,NA,88,0,TRUE
"TM2",2020,"upper",16.5,2020-11-30,"red",0,0,NA,2021-02-26,0,NA,88,0,TRUE
"TM2",2020,"upper",17,2020-11-30,"red",0,0,NA,2021-02-26,0,NA,88,0,TRUE
"TM2",2020,"upper",17.5,2020-11-30,"red",0,0,NA,2021-02-26,0,NA,88,0,TRUE
"TM2",2020,"upper",18,2020-11-30,"red",0,0,NA,2021-02-26,0,NA,88,0,TRUE
"TM2",2020,"upper",18.5,2020-11-30,"red",0,0,NA,2021-02-26,0,NA,88,0,TRUE
"TM2",2020,"upper",19,2020-11-30,"red",0,0,NA,2021-02-26,0,NA,88,0,TRUE
"TM2",2020,"upper",19.5,2020-11-30,"red",0,0,NA,2021-02-26,0,NA,88,0,TRUE
"TM2",2020,"lower",0,2020-12-21,"yellow",0,0,NA,2021-02-26,0,NA,67,0,TRUE
"TM2",2020,"lower",0.5,2020-12-21,"yellow",0,0,NA,2021-02-26,0,NA,67,0,TRUE
"TM2",2020,"lower",1,2020-12-21,"yellow",0,0,NA,2021-02-26,0,NA,67,0,TRUE
"TM2",2020,"lower",1.5,2020-12-21,"yellow",0,0,NA,2021-02-26,0,NA,67,0,TRUE
"TM2",2020,"lower",2,2020-12-21,"yellow",0,0,NA,2021-02-26,0,NA,67,0,TRUE
"TM2",2020,"lower",2.5,2020-12-21,"yellow",1,0,NA,2021-02-26,1,NA,67,1,TRUE
"TM2",2020,"lower",3,2020-12-21,"yellow",3,0,NA,2021-02-26,2,NA,67,2,TRUE
"TM2",2020,"lower",3.5,2020-12-21,"yellow",11,0,NA,2021-02-26,10,NA,67,10,TRUE
"TM2",2020,"lower",4,2020-12-21,"yellow",7,0,NA,2021-02-26,6,NA,67,6,TRUE
"TM2",2020,"lower",4.5,2020-12-21,"yellow",3,0,NA,2021-02-26,3,NA,67,3,TRUE
"TM2",2020,"lower",5,2020-12-21,"yellow",5,0,NA,2021-02-26,3,NA,67,3,TRUE
"TM2",2020,"lower",5.5,2020-12-21,"yellow",1,0,NA,2021-02-26,1,NA,67,1,TRUE
"TM2",2020,"lower",6,2020-12-21,"yellow",3,0,NA,2021-02-26,0,NA,67,0,TRUE
"TM2",2020,"lower",6.5,2020-12-21,"yellow",1,0,NA,2021-02-26,1,NA,67,1,TRUE
"TM2",2020,"lower",7,2020-12-21,"yellow",4,0,NA,2021-02-26,1,NA,67,1,TRUE
"TM2",2020,"lower",7.5,2020-12-21,"yellow",2,0,"(+1 red pick)",2021-02-26,0,NA,67,0,TRUE
"TM2",2020,"lower",8,2020-12-21,"yellow",4,0,NA,2021-02-26,0,NA,67,0,TRUE
"TM2",2020,"lower",8.5,2020-12-21,"yellow",0,0,NA,2021-02-26,0,NA,67,0,TRUE
"TM2",2020,"lower",9,2020-12-21,"yellow",3,0,NA,2021-02-26,2,NA,67,2,TRUE
"TM2",2020,"lower",9.5,2020-12-21,"yellow",1,0,NA,2021-02-26,1,NA,67,1,TRUE
"TM2",2020,"lower",10,2020-12-21,"yellow",4,0,"(+1 red pick)",2021-02-26,2,"cant find red pick",67,2,TRUE
"TM2",2020,"lower",10.5,2020-12-21,"yellow",5,0,NA,2021-02-26,1,"perennial in plot",67,1,TRUE
"TM2",2020,"lower",11,2020-12-21,"yellow",0,0,NA,2021-02-26,0,NA,67,0,TRUE
"TM2",2020,"lower",11.5,2020-12-21,"yellow",0,0,NA,2021-02-26,0,NA,67,0,TRUE
"TM2",2020,"lower",12,2020-12-21,"yellow",0,0,NA,2021-02-26,0,NA,67,0,TRUE
"TM2",2020,"lower",12.5,2020-12-21,"yellow",1,0,NA,2021-02-26,0,NA,67,0,TRUE
"TM2",2020,"lower",13,2020-12-21,"yellow",0,0,NA,2021-02-26,0,NA,67,0,TRUE
"TM2",2020,"lower",13.5,2020-12-21,"yellow",2,0,NA,2021-02-26,1,NA,67,1,TRUE
"TM2",2020,"lower",14,2020-12-21,"yellow",1,0,NA,2021-02-26,1,NA,67,1,TRUE
"TM2",2020,"lower",14.5,2020-12-21,"yellow",5,0,NA,2021-02-26,1,NA,67,1,TRUE
"TM2",2020,"lower",15,2020-12-21,"yellow",3,0,NA,2021-02-26,0,"couldn't find two red picks",67,0,TRUE
"TM2",2020,"lower",15.5,2020-12-21,"yellow",3,0,NA,2021-02-26,0,NA,67,0,TRUE
"TM2",2020,"lower",16,2020-12-21,"yellow",1,0,NA,2021-02-26,0,NA,67,0,TRUE
"TM2",2020,"lower",16.5,2020-12-21,"yellow",0,0,NA,2021-02-26,0,NA,67,0,TRUE
"TM2",2020,"lower",17,2020-12-21,"yellow",1,0,NA,2021-02-26,0,NA,67,0,TRUE
"TM2",2020,"lower",17.5,2020-12-21,"yellow",6,0,NA,2021-02-26,2,NA,67,2,TRUE
"TM2",2020,"lower",18,2020-12-21,"yellow",0,0,NA,2021-02-26,0,NA,67,0,TRUE
"TM2",2020,"lower",18.5,2020-12-21,"yellow",0,0,NA,2021-02-26,0,NA,67,0,TRUE
"TM2",2020,"upper",0,2020-12-21,"yellow",0,0,NA,2021-02-26,0,NA,67,0,TRUE
"TM2",2020,"upper",0.5,2020-12-21,"yellow",0,0,NA,2021-02-26,0,NA,67,0,TRUE
"TM2",2020,"upper",1,2020-12-21,"yellow",0,0,NA,2021-02-26,0,NA,67,0,TRUE
"TM2",2020,"upper",1.5,2020-12-21,"yellow",3,0,"older? already true leaf",2021-02-26,0,NA,67,0,TRUE
"TM2",2020,"upper",2,2020-12-21,"yellow",0,0,NA,2021-02-26,0,"one red plant crispy",67,0,TRUE
"TM2",2020,"upper",2.5,2020-12-21,"yellow",0,0,NA,2021-02-26,0,NA,67,0,TRUE
"TM2",2020,"upper",3,2020-12-21,"yellow",2,0,"(just out (above) plot)",2021-02-26,0,NA,67,0,TRUE
"TM2",2020,"upper",3.5,2020-12-21,"yellow",1,0,NA,2021-02-26,0,NA,67,0,TRUE
"TM2",2020,"upper",4,2020-12-21,"yellow",3,0,NA,2021-02-26,1,NA,67,1,TRUE
"TM2",2020,"upper",4.5,2020-12-21,"yellow",0,0,NA,2021-02-26,0,NA,67,0,TRUE
"TM2",2020,"upper",5,2020-12-21,"yellow",2,0,NA,2021-02-26,0,NA,67,0,TRUE
"TM2",2020,"upper",5.5,2020-12-21,"yellow",0,0,NA,2021-02-26,0,NA,67,0,TRUE
"TM2",2020,"upper",6,2020-12-21,"yellow",2,0,NA,2021-02-26,2,NA,67,2,TRUE
"TM2",2020,"upper",6.5,2020-12-21,"yellow",3,0,NA,2021-02-26,0,NA,67,0,TRUE
"TM2",2020,"upper",7,2020-12-21,"yellow",10,1,NA,2021-02-26,1,"could not find one yellow",67,1,TRUE
"TM2",2020,"upper",7.5,2020-12-21,"yellow",4,0,NA,2021-02-26,0,NA,67,0,TRUE
"TM2",2020,"upper",8,2020-12-21,"yellow",8,0,"(1/15+1see right)",2021-02-26,0,NA,67,0,TRUE
"TM2",2020,"upper",8.5,2020-12-21,"yellow",3,0,NA,2021-02-26,2,NA,67,2,TRUE
"TM2",2020,"upper",9,2020-12-21,"yellow",1,0,NA,2021-02-26,1,NA,67,1,TRUE
"TM2",2020,"upper",9.5,2020-12-21,"yellow",4,0,NA,2021-02-26,0,NA,67,0,TRUE
"TM2",2020,"upper",10,2020-12-21,"yellow",2,0,NA,2021-02-26,0,"blue seedlings very small",67,0,TRUE
"TM2",2020,"upper",10.5,2020-12-21,"yellow",1,0,"(just out (above plot))",2021-02-26,0,NA,67,0,TRUE
"TM2",2020,"upper",11,2020-12-21,"yellow",2,0,NA,2021-02-26,0,NA,67,0,TRUE
"TM2",2020,"upper",11.5,2020-12-21,"yellow",2,0,NA,2021-02-26,0,NA,67,0,TRUE
"TM2",2020,"upper",12,2020-12-21,"yellow",1,0,NA,2021-02-26,0,NA,67,0,TRUE
"TM2",2020,"upper",12.5,2020-12-21,"yellow",5,0,NA,2021-02-26,0,NA,67,0,TRUE
"TM2",2020,"upper",13,2020-12-21,"yellow",4,0,NA,2021-02-26,1,NA,67,1,TRUE
"TM2",2020,"upper",13.5,2020-12-21,"yellow",1,0,"(1/15+1 see right)",2021-02-26,0,NA,67,0,TRUE
"TM2",2020,"upper",14,2020-12-21,"yellow",3,0,NA,2021-02-26,0,NA,67,0,TRUE
"TM2",2020,"upper",14.5,2020-12-21,"yellow",1,0,NA,2021-02-26,0,NA,67,0,TRUE
"TM2",2020,"upper",15,2020-12-21,"yellow",2,0,NA,2021-02-26,0,NA,67,0,TRUE
"TM2",2020,"upper",15.5,2020-12-21,"yellow",0,0,NA,2021-02-26,0,NA,67,0,TRUE
"TM2",2020,"upper",16,2020-12-21,"yellow",1,0,NA,2021-02-26,1,NA,67,1,TRUE
"TM2",2020,"upper",16.5,2020-12-21,"yellow",0,0,NA,2021-02-26,0,NA,67,0,TRUE
"TM2",2020,"upper",17,2020-12-21,"yellow",0,0,NA,2021-02-26,0,NA,67,0,TRUE
"TM2",2020,"upper",17.5,2020-12-21,"yellow",0,0,NA,2021-02-26,0,NA,67,0,TRUE
"TM2",2020,"upper",18,2020-12-21,"yellow",0,0,NA,2021-02-26,0,NA,67,0,TRUE
"TM2",2020,"upper",18.5,2020-12-21,"yellow",0,0,"1/15-trifolium removed pick",2021-02-26,0,NA,67,0,TRUE
"TM2",2020,"upper",19,2020-12-21,"yellow",0,0,NA,2021-02-26,0,NA,67,0,TRUE
"TM2",2020,"upper",19.5,2020-12-21,"yellow",0,0,NA,2021-02-26,0,NA,67,0,TRUE
"TM2",2021,"lower",0,2021-01-15,"blue",0,0,NA,2021-02-26,0,NA,42,0,TRUE
"TM2",2021,"lower",0.5,2021-01-15,"blue",0,0,NA,2021-02-26,0,NA,42,0,TRUE
"TM2",2021,"lower",1,2021-01-15,"blue",0,0,NA,2021-02-26,0,NA,42,0,TRUE
"TM2",2021,"lower",1.5,2021-01-15,"blue",0,0,NA,2021-02-26,0,NA,42,0,TRUE
"TM2",2021,"lower",2,2021-01-15,"blue",0,0,NA,2021-02-26,0,NA,42,0,TRUE
"TM2",2021,"lower",2.5,2021-01-15,"blue",1,0,NA,2021-02-26,0,NA,42,0,TRUE
"TM2",2021,"lower",3,2021-01-15,"blue",2,0,NA,2021-02-26,1,NA,42,1,TRUE
"TM2",2021,"lower",3.5,2021-01-15,"blue",2,0,NA,2021-02-26,1,NA,42,1,TRUE
"TM2",2021,"lower",4,2021-01-15,"blue",2,0,NA,2021-02-26,2,NA,42,2,TRUE
"TM2",2021,"lower",4.5,2021-01-15,"blue",0,0,NA,2021-02-26,0,NA,42,0,TRUE
"TM2",2021,"lower",5,2021-01-15,"blue",5,0,NA,2021-02-26,3,NA,42,3,TRUE
"TM2",2021,"lower",5.5,2021-01-15,"blue",1,0,NA,2021-02-26,1,NA,42,1,TRUE
"TM2",2021,"lower",6,2021-01-15,"blue",0,0,NA,2021-02-26,0,NA,42,0,TRUE
"TM2",2021,"lower",6.5,2021-01-15,"blue",0,0,NA,2021-02-26,0,NA,42,0,TRUE
"TM2",2021,"lower",7,2021-01-15,"blue",0,0,NA,2021-02-26,0,NA,42,0,TRUE
"TM2",2021,"lower",7.5,2021-01-15,"blue",0,0,NA,2021-02-26,0,NA,42,0,TRUE
"TM2",2021,"lower",8,2021-01-15,"blue",0,0,NA,2021-02-26,0,NA,42,0,TRUE
"TM2",2021,"lower",8.5,2021-01-15,"blue",0,0,NA,2021-02-26,0,NA,42,0,TRUE
"TM2",2021,"lower",9,2021-01-15,"blue",2,0,NA,2021-02-26,1,NA,42,1,TRUE
"TM2",2021,"lower",9.5,2021-01-15,"blue",0,0,NA,2021-02-26,0,NA,42,0,TRUE
"TM2",2021,"lower",10,2021-01-15,"blue",0,0,NA,2021-02-26,0,"cant find red pick",42,0,TRUE
"TM2",2021,"lower",10.5,2021-01-15,"blue",0,0,NA,2021-02-26,0,"perennial in plot",42,0,TRUE
"TM2",2021,"lower",11,2021-01-15,"blue",0,0,NA,2021-02-26,0,NA,42,0,TRUE
"TM2",2021,"lower",11.5,2021-01-15,"blue",0,0,NA,2021-02-26,0,NA,42,0,TRUE
"TM2",2021,"lower",12,2021-01-15,"blue",0,0,NA,2021-02-26,0,NA,42,0,TRUE
"TM2",2021,"lower",12.5,2021-01-15,"blue",1,0,NA,2021-02-26,1,NA,42,1,TRUE
"TM2",2021,"lower",13,2021-01-15,"blue",0,0,NA,2021-02-26,0,NA,42,0,TRUE
"TM2",2021,"lower",13.5,2021-01-15,"blue",0,0,NA,2021-02-26,0,NA,42,0,TRUE
"TM2",2021,"lower",14,2021-01-15,"blue",2,0,NA,2021-02-26,0,NA,42,0,TRUE
"TM2",2021,"lower",14.5,2021-01-15,"blue",4,0,NA,2021-02-26,0,NA,42,0,TRUE
"TM2",2021,"lower",15,2021-01-15,"blue",3,0,NA,2021-02-26,1,"couldn't find two red picks",42,1,TRUE
"TM2",2021,"lower",15.5,2021-01-15,"blue",3,0,NA,2021-02-26,0,NA,42,0,TRUE
"TM2",2021,"lower",16,2021-01-15,"blue",1,0,NA,2021-02-26,0,NA,42,0,TRUE
"TM2",2021,"lower",16.5,2021-01-15,"blue",4,0,NA,2021-02-26,2,NA,42,2,TRUE
"TM2",2021,"lower",17,2021-01-15,"blue",3,0,NA,2021-02-26,2,NA,42,2,TRUE
"TM2",2021,"lower",17.5,2021-01-15,"blue",11,0,NA,2021-02-26,4,NA,42,4,TRUE
"TM2",2021,"lower",18,2021-01-15,"blue",0,0,NA,2021-02-26,0,NA,42,0,TRUE
"TM2",2021,"lower",18.5,2021-01-15,"blue",0,0,NA,2021-02-26,0,NA,42,0,TRUE
"TM2",2021,"upper",0,2021-01-15,"blue",0,0,NA,2021-02-26,0,NA,42,0,TRUE
"TM2",2021,"upper",0.5,2021-01-15,"blue",0,0,NA,2021-02-26,0,NA,42,0,TRUE
"TM2",2021,"upper",1,2021-01-15,"blue",0,0,NA,2021-02-26,0,NA,42,0,TRUE
"TM2",2021,"upper",1.5,2021-01-15,"blue",0,0,NA,2021-02-26,0,NA,42,0,TRUE
"TM2",2021,"upper",2,2021-01-15,"blue",0,0,NA,2021-02-26,0,"one red plant crispy",42,0,TRUE
"TM2",2021,"upper",2.5,2021-01-15,"blue",2,0,NA,2021-02-26,0,NA,42,0,TRUE
"TM2",2021,"upper",3,2021-01-15,"blue",3,0,"(2 just above plot)",2021-02-26,0,NA,42,0,TRUE
"TM2",2021,"upper",3.5,2021-01-15,"blue",1,0,NA,2021-02-26,1,NA,42,1,TRUE
"TM2",2021,"upper",4,2021-01-15,"blue",0,0,NA,2021-02-26,0,NA,42,0,TRUE
"TM2",2021,"upper",4.5,2021-01-15,"blue",0,0,NA,2021-02-26,0,NA,42,0,TRUE
"TM2",2021,"upper",5,2021-01-15,"blue",0,0,NA,2021-02-26,0,NA,42,0,TRUE
"TM2",2021,"upper",5.5,2021-01-15,"blue",0,0,NA,2021-02-26,0,NA,42,0,TRUE
"TM2",2021,"upper",6,2021-01-15,"blue",0,0,NA,2021-02-26,0,NA,42,0,TRUE
"TM2",2021,"upper",6.5,2021-01-15,"blue",4,0,"(2 look a little older)",2021-02-26,3,NA,42,3,TRUE
"TM2",2021,"upper",7,2021-01-15,"blue",4,0,NA,2021-02-26,0,"could not find one yellow",42,0,TRUE
"TM2",2021,"upper",7.5,2021-01-15,"blue",2,0,NA,2021-02-26,0,NA,42,0,TRUE
"TM2",2021,"upper",8,2021-01-15,"blue",5,0,"(+1 yellow older cohort)",2021-02-26,0,NA,42,0,TRUE
"TM2",2021,"upper",8.5,2021-01-15,"blue",2,0,NA,2021-02-26,0,NA,42,0,TRUE
"TM2",2021,"upper",9,2021-01-15,"blue",5,0,NA,2021-02-26,0,NA,42,0,TRUE
"TM2",2021,"upper",9.5,2021-01-15,"blue",0,0,NA,2021-02-26,0,NA,42,0,TRUE
"TM2",2021,"upper",10,2021-01-15,"blue",9,0,"(old seed pod!)",2021-02-26,2,"blue seedlings very small",42,2,TRUE
"TM2",2021,"upper",10.5,2021-01-15,"blue",1,0,"at base quadrant",2021-02-26,0,NA,42,0,TRUE
"TM2",2021,"upper",11,2021-01-15,"blue",2,0,"(2 just above)",2021-02-26,0,NA,42,0,TRUE
"TM2",2021,"upper",11.5,2021-01-15,"blue",2,0,NA,2021-02-26,2,NA,42,2,TRUE
"TM2",2021,"upper",12,2021-01-15,"blue",1,0,NA,2021-02-26,0,NA,42,0,TRUE
"TM2",2021,"upper",12.5,2021-01-15,"blue",5,0,"(5 just above)",2021-02-26,0,NA,42,0,TRUE
"TM2",2021,"upper",13,2021-01-15,"blue",12,0,"old silique dihiseed",2021-02-26,5,NA,42,5,TRUE
"TM2",2021,"upper",13.5,2021-01-15,"blue",3,0,"(+1 yellow older cohort)",2021-02-26,2,NA,42,2,TRUE
"TM2",2021,"upper",14,2021-01-15,"blue",1,0,NA,2021-02-26,0,NA,42,0,TRUE
"TM2",2021,"upper",14.5,2021-01-15,"blue",2,0,NA,2021-02-26,2,NA,42,2,TRUE
"TM2",2021,"upper",15,2021-01-15,"blue",0,0,NA,2021-02-26,0,NA,42,0,TRUE
"TM2",2021,"upper",15.5,2021-01-15,"blue",1,0,NA,2021-02-26,0,NA,42,0,TRUE
"TM2",2021,"upper",16,2021-01-15,"blue",0,0,NA,2021-02-26,0,NA,42,0,TRUE
"TM2",2021,"upper",16.5,2021-01-15,"blue",0,0,NA,2021-02-26,0,NA,42,0,TRUE
"TM2",2021,"upper",17,2021-01-15,"blue",0,0,NA,2021-02-26,0,NA,42,0,TRUE
"TM2",2021,"upper",17.5,2021-01-15,"blue",0,0,NA,2021-02-26,0,NA,42,0,TRUE
"TM2",2021,"upper",18,2021-01-15,"blue",0,0,NA,2021-02-26,0,NA,42,0,TRUE
"TM2",2021,"upper",18.5,2021-01-15,"blue",1,0,"removed yellow pick from trifolium",2021-02-26,1,NA,42,1,TRUE
"TM2",2021,"upper",19,2021-01-15,"blue",0,0,NA,2021-02-26,0,NA,42,0,TRUE
"TM2",2021,"upper",19.5,2021-01-15,"blue",0,0,NA,2021-02-26,0,NA,42,0,TRUE
"TM2",2021,"lower",0,2021-02-13,"orange",0,0,NA,2021-02-26,0,NA,13,0,TRUE
"TM2",2021,"lower",0.5,2021-02-13,"orange",0,0,NA,2021-02-26,0,NA,13,0,TRUE
"TM2",2021,"lower",1,2021-02-13,"orange",0,0,NA,2021-02-26,0,NA,13,0,TRUE
"TM2",2021,"lower",1.5,2021-02-13,"orange",0,0,NA,2021-02-26,0,NA,13,0,TRUE
"TM2",2021,"lower",2,2021-02-13,"orange",0,0,NA,2021-02-26,0,NA,13,0,TRUE
"TM2",2021,"lower",2.5,2021-02-13,"orange",0,0,NA,2021-02-26,0,NA,13,0,TRUE
"TM2",2021,"lower",3,2021-02-13,"orange",0,0,NA,2021-02-26,0,NA,13,0,TRUE
"TM2",2021,"lower",3.5,2021-02-13,"orange",0,0,NA,2021-02-26,0,NA,13,0,TRUE
"TM2",2021,"lower",4,2021-02-13,"orange",1,0,NA,2021-02-26,0,NA,13,0,TRUE
"TM2",2021,"lower",4.5,2021-02-13,"orange",0,0,NA,2021-02-26,0,NA,13,0,TRUE
"TM2",2021,"lower",5,2021-02-13,"orange",0,0,NA,2021-02-26,0,NA,13,0,TRUE
"TM2",2021,"lower",5.5,2021-02-13,"orange",2,0,NA,2021-02-26,0,NA,13,0,TRUE
"TM2",2021,"lower",6,2021-02-13,"orange",1,0,NA,2021-02-26,0,NA,13,0,TRUE
"TM2",2021,"lower",6.5,2021-02-13,"orange",1,0,NA,2021-02-26,0,NA,13,0,TRUE
"TM2",2021,"lower",7,2021-02-13,"orange",0,0,NA,2021-02-26,0,NA,13,0,TRUE
"TM2",2021,"lower",7.5,2021-02-13,"orange",2,0,"1 just outside plot",2021-02-26,1,NA,13,1,TRUE
"TM2",2021,"lower",8,2021-02-13,"orange",1,0,"(in crack)",2021-02-26,0,NA,13,0,TRUE
"TM2",2021,"lower",8.5,2021-02-13,"orange",0,0,NA,2021-02-26,0,NA,13,0,TRUE
"TM2",2021,"lower",9,2021-02-13,"orange",0,0,NA,2021-02-26,0,NA,13,0,TRUE
"TM2",2021,"lower",9.5,2021-02-13,"orange",0,0,NA,2021-02-26,0,NA,13,0,TRUE
"TM2",2021,"lower",10,2021-02-13,"orange",0,0,NA,2021-02-26,0,"cant find red pick",13,0,TRUE
"TM2",2021,"lower",10.5,2021-02-13,"orange",0,0,NA,2021-02-26,0,"perennial in plot",13,0,TRUE
"TM2",2021,"lower",11,2021-02-13,"orange",0,0,NA,2021-02-26,0,NA,13,0,TRUE
"TM2",2021,"lower",11.5,2021-02-13,"orange",0,0,NA,2021-02-26,0,NA,13,0,TRUE
"TM2",2021,"lower",12,2021-02-13,"orange",0,0,NA,2021-02-26,0,NA,13,0,TRUE
"TM2",2021,"lower",12.5,2021-02-13,"orange",0,0,NA,2021-02-26,0,NA,13,0,TRUE
"TM2",2021,"lower",13,2021-02-13,"orange",0,0,NA,2021-02-26,0,NA,13,0,TRUE
"TM2",2021,"lower",13.5,2021-02-13,"orange",0,0,NA,2021-02-26,0,NA,13,0,TRUE
"TM2",2021,"lower",14,2021-02-13,"orange",0,0,NA,2021-02-26,0,NA,13,0,TRUE
"TM2",2021,"lower",14.5,2021-02-13,"orange",0,0,NA,2021-02-26,0,NA,13,0,TRUE
"TM2",2021,"lower",15,2021-02-13,"orange",0,0,NA,2021-02-26,0,"couldn't find two red picks",13,0,TRUE
"TM2",2021,"lower",15.5,2021-02-13,"orange",1,0,NA,2021-02-26,0,NA,13,0,TRUE
"TM2",2021,"lower",16,2021-02-13,"orange",2,0,"(1 is older cohort)",2021-02-26,0,NA,13,0,TRUE
"TM2",2021,"lower",16.5,2021-02-13,"orange",1,0,NA,2021-02-26,1,NA,13,1,TRUE
"TM2",2021,"lower",17,2021-02-13,"orange",0,0,NA,2021-02-26,0,NA,13,0,TRUE
"TM2",2021,"lower",17.5,2021-02-13,"orange",1,0,NA,2021-02-26,0,NA,13,0,TRUE
"TM2",2021,"lower",18,2021-02-13,"orange",1,0,NA,2021-02-26,0,NA,13,0,TRUE
"TM2",2021,"lower",18.5,2021-02-13,"orange",0,0,NA,2021-02-26,0,NA,13,0,TRUE
"TM2",2021,"upper",0,2021-02-03,"orange",0,0,NA,2021-02-26,0,NA,23,0,TRUE
"TM2",2021,"upper",0.5,2021-02-03,"orange",0,0,NA,2021-02-26,0,NA,23,0,TRUE
"TM2",2021,"upper",1,2021-02-03,"orange",1,0,NA,2021-02-26,0,NA,23,0,TRUE
"TM2",2021,"upper",1.5,2021-02-03,"orange",2,0,NA,2021-02-26,0,NA,23,0,TRUE
"TM2",2021,"upper",2,2021-02-03,"orange",0,0,NA,2021-02-26,0,"one red plant crispy",23,0,TRUE
"TM2",2021,"upper",2.5,2021-02-03,"orange",0,0,NA,2021-02-26,0,NA,23,0,TRUE
"TM2",2021,"upper",3,2021-02-03,"orange",0,0,NA,2021-02-26,0,NA,23,0,TRUE
"TM2",2021,"upper",3.5,2021-02-03,"orange",0,0,NA,2021-02-26,0,NA,23,0,TRUE
"TM2",2021,"upper",4,2021-02-03,"orange",0,0,NA,2021-02-26,0,NA,23,0,TRUE
"TM2",2021,"upper",4.5,2021-02-03,"orange",0,0,NA,2021-02-26,0,NA,23,0,TRUE
"TM2",2021,"upper",5,2021-02-03,"orange",0,0,NA,2021-02-26,0,NA,23,0,TRUE
"TM2",2021,"upper",5.5,2021-02-03,"orange",0,0,NA,2021-02-26,0,NA,23,0,TRUE
"TM2",2021,"upper",6,2021-02-03,"orange",0,0,NA,2021-02-26,0,NA,23,0,TRUE
"TM2",2021,"upper",6.5,2021-02-03,"orange",0,0,NA,2021-02-26,0,NA,23,0,TRUE
"TM2",2021,"upper",7,2021-02-03,"orange",0,0,NA,2021-02-26,0,"could not find one yellow",23,0,TRUE
"TM2",2021,"upper",7.5,2021-02-03,"orange",0,0,NA,2021-02-26,0,NA,23,0,TRUE
"TM2",2021,"upper",8,2021-02-03,"orange",0,0,NA,2021-02-26,0,NA,23,0,TRUE
"TM2",2021,"upper",8.5,2021-02-03,"orange",1,0,NA,2021-02-26,1,NA,23,1,TRUE
"TM2",2021,"upper",9,2021-02-03,"orange",1,0,NA,2021-02-26,0,NA,23,0,TRUE
"TM2",2021,"upper",9.5,2021-02-03,"orange",1,0,NA,2021-02-26,0,NA,23,0,TRUE
"TM2",2021,"upper",10,2021-02-03,"orange",0,0,NA,2021-02-26,0,"blue seedlings very small",23,0,TRUE
"TM2",2021,"upper",10.5,2021-02-03,"orange",2,0,NA,2021-02-26,0,NA,23,0,TRUE
"TM2",2021,"upper",11,2021-02-03,"orange",0,0,NA,2021-02-26,0,NA,23,0,TRUE
"TM2",2021,"upper",11.5,2021-02-03,"orange",5,0,NA,2021-02-26,1,NA,23,1,TRUE
"TM2",2021,"upper",12,2021-02-03,"orange",0,0,NA,2021-02-26,0,NA,23,0,TRUE
"TM2",2021,"upper",12.5,2021-02-03,"orange",1,0,NA,2021-02-26,0,NA,23,0,TRUE
"TM2",2021,"upper",13,2021-02-03,"orange",2,0,"1 is older cohort",2021-02-26,0,NA,23,0,TRUE
"TM2",2021,"upper",13.5,2021-02-03,"orange",0,0,NA,2021-02-26,0,NA,23,0,TRUE
"TM2",2021,"upper",14,2021-02-03,"orange",0,0,NA,2021-02-26,0,NA,23,0,TRUE
"TM2",2021,"upper",14.5,2021-02-03,"orange",0,0,NA,2021-02-26,0,NA,23,0,TRUE
"TM2",2021,"upper",15,2021-02-03,"orange",0,0,NA,2021-02-26,0,NA,23,0,TRUE
"TM2",2021,"upper",15.5,2021-02-03,"orange",2,0,"way above plot",2021-02-26,0,NA,23,0,TRUE
"TM2",2021,"upper",16,2021-02-13,"orange",0,0,NA,2021-02-26,0,NA,13,0,TRUE
"TM2",2021,"upper",16.5,2021-02-13,"orange",1,0,NA,2021-02-26,0,NA,13,0,TRUE
"TM2",2021,"upper",17,2021-02-13,"orange",0,0,NA,2021-02-26,0,NA,13,0,TRUE
"TM2",2021,"upper",17.5,2021-02-13,"orange",0,0,NA,2021-02-26,0,NA,13,0,TRUE
"TM2",2021,"upper",18,2021-02-13,"orange",0,0,NA,2021-02-26,0,NA,13,0,TRUE
"TM2",2021,"upper",18.5,2021-02-13,"orange",0,0,NA,2021-02-26,0,NA,13,0,TRUE
"TM2",2021,"upper",19,2021-02-13,"orange",0,0,NA,2021-02-26,0,NA,13,0,TRUE
"TM2",2021,"upper",19.5,2021-02-13,"orange",0,0,NA,2021-02-26,0,NA,13,0,TRUE
"TM2",2021,"lower",0,2021-02-26,"green",0,0,NA,2021-02-26,0,NA,0,0,TRUE
"TM2",2021,"lower",0.5,2021-02-26,"green",0,0,NA,2021-02-26,0,NA,0,0,TRUE
"TM2",2021,"lower",1,2021-02-26,"green",0,0,NA,2021-02-26,0,NA,0,0,TRUE
"TM2",2021,"lower",1.5,2021-02-26,"green",0,0,NA,2021-02-26,0,NA,0,0,TRUE
"TM2",2021,"lower",2,2021-02-26,"green",0,0,NA,2021-02-26,0,NA,0,0,TRUE
"TM2",2021,"lower",2.5,2021-02-26,"green",0,0,NA,2021-02-26,0,NA,0,0,TRUE
"TM2",2021,"lower",3,2021-02-26,"green",0,0,NA,2021-02-26,0,NA,0,0,TRUE
"TM2",2021,"lower",3.5,2021-02-26,"green",0,0,NA,2021-02-26,0,NA,0,0,TRUE
"TM2",2021,"lower",4,2021-02-26,"green",0,0,NA,2021-02-26,0,NA,0,0,TRUE
"TM2",2021,"lower",4.5,2021-02-26,"green",1,0,"just above quad",2021-02-26,0,NA,0,0,TRUE
"TM2",2021,"lower",5,2021-02-26,"green",0,0,NA,2021-02-26,0,NA,0,0,TRUE
"TM2",2021,"lower",5.5,2021-02-26,"green",2,0,NA,2021-02-26,0,NA,0,0,TRUE
"TM2",2021,"lower",6,2021-02-26,"green",3,0,NA,2021-02-26,0,NA,0,0,TRUE
"TM2",2021,"lower",6.5,2021-02-26,"green",0,0,NA,2021-02-26,0,NA,0,0,TRUE
"TM2",2021,"lower",7,2021-02-26,"green",0,0,NA,2021-02-26,0,NA,0,0,TRUE
"TM2",2021,"lower",7.5,2021-02-26,"green",0,0,NA,2021-02-26,0,NA,0,0,TRUE
"TM2",2021,"lower",8,2021-02-26,"green",0,0,NA,2021-02-26,0,NA,0,0,TRUE
"TM2",2021,"lower",8.5,2021-02-26,"green",0,0,NA,2021-02-26,0,NA,0,0,TRUE
"TM2",2021,"lower",9,2021-02-26,"green",0,0,NA,2021-02-26,0,NA,0,0,TRUE
"TM2",2021,"lower",9.5,2021-02-26,"green",0,0,NA,2021-02-26,0,NA,0,0,TRUE
"TM2",2021,"lower",10,2021-02-26,"green",0,0,NA,2021-02-26,0,"cant find red pick",0,0,TRUE
"TM2",2021,"lower",10.5,2021-02-26,"green",0,0,NA,2021-02-26,0,"perennial in plot",0,0,TRUE
"TM2",2021,"lower",11,2021-02-26,"green",0,0,NA,2021-02-26,0,NA,0,0,TRUE
"TM2",2021,"lower",11.5,2021-02-26,"green",0,0,NA,2021-02-26,0,NA,0,0,TRUE
"TM2",2021,"lower",12,2021-02-26,"green",0,0,NA,2021-02-26,0,NA,0,0,TRUE
"TM2",2021,"lower",12.5,2021-02-26,"green",0,0,NA,2021-02-26,0,NA,0,0,TRUE
"TM2",2021,"lower",13,2021-02-26,"green",0,0,NA,2021-02-26,0,NA,0,0,TRUE
"TM2",2021,"lower",13.5,2021-02-26,"green",0,0,NA,2021-02-26,0,NA,0,0,TRUE
"TM2",2021,"lower",14,2021-02-26,"green",0,0,NA,2021-02-26,0,NA,0,0,TRUE
"TM2",2021,"lower",14.5,2021-02-26,"green",1,0,NA,2021-02-26,0,NA,0,0,TRUE
"TM2",2021,"lower",15,2021-02-26,"green",0,0,NA,2021-02-26,0,"couldn't find two red picks",0,0,TRUE
"TM2",2021,"lower",15.5,2021-02-26,"green",0,0,NA,2021-02-26,0,NA,0,0,TRUE
"TM2",2021,"lower",16,2021-02-26,"green",0,0,NA,2021-02-26,0,NA,0,0,TRUE
"TM2",2021,"lower",16.5,2021-02-26,"green",0,0,NA,2021-02-26,0,NA,0,0,TRUE
"TM2",2021,"lower",17,2021-02-26,"green",2,0,NA,2021-02-26,0,NA,0,0,TRUE
"TM2",2021,"lower",17.5,2021-02-26,"green",1,0,NA,2021-02-26,0,NA,0,0,TRUE
"TM2",2021,"lower",18,2021-02-26,"green",0,0,NA,2021-02-26,0,NA,0,0,TRUE
"TM2",2021,"lower",18.5,2021-02-26,"green",2,0,NA,2021-02-26,0,NA,0,0,TRUE
"TM2",2021,"upper",0,2021-02-26,"green",0,0,NA,2021-02-26,0,NA,0,0,TRUE
"TM2",2021,"upper",0.5,2021-02-26,"green",0,0,NA,2021-02-26,0,NA,0,0,TRUE
"TM2",2021,"upper",1,2021-02-26,"green",0,0,NA,2021-02-26,0,NA,0,0,TRUE
"TM2",2021,"upper",1.5,2021-02-26,"green",0,0,NA,2021-02-26,0,NA,0,0,TRUE
"TM2",2021,"upper",2,2021-02-26,"green",0,0,NA,2021-02-26,0,"one red plant crispy",0,0,TRUE
"TM2",2021,"upper",2.5,2021-02-26,"green",0,0,NA,2021-02-26,0,NA,0,0,TRUE
"TM2",2021,"upper",3,2021-02-26,"green",0,0,NA,2021-02-26,0,NA,0,0,TRUE
"TM2",2021,"upper",3.5,2021-02-26,"green",0,0,NA,2021-02-26,0,NA,0,0,TRUE
"TM2",2021,"upper",4,2021-02-26,"green",2,0,NA,2021-02-26,0,NA,0,0,TRUE
"TM2",2021,"upper",4.5,2021-02-26,"green",0,0,NA,2021-02-26,0,NA,0,0,TRUE
"TM2",2021,"upper",5,2021-02-26,"green",0,0,NA,2021-02-26,0,NA,0,0,TRUE
"TM2",2021,"upper",5.5,2021-02-26,"green",0,0,NA,2021-02-26,0,NA,0,0,TRUE
"TM2",2021,"upper",6,2021-02-26,"green",0,0,NA,2021-02-26,0,NA,0,0,TRUE
"TM2",2021,"upper",6.5,2021-02-26,"green",0,0,NA,2021-02-26,0,NA,0,0,TRUE
"TM2",2021,"upper",7,2021-02-26,"green",1,0,NA,2021-02-26,0,"could not find one yellow",0,0,TRUE
"TM2",2021,"upper",7.5,2021-02-26,"green",0,0,NA,2021-02-26,0,NA,0,0,TRUE
"TM2",2021,"upper",8,2021-02-26,"green",0,0,NA,2021-02-26,0,NA,0,0,TRUE
"TM2",2021,"upper",8.5,2021-02-26,"green",0,0,NA,2021-02-26,0,NA,0,0,TRUE
"TM2",2021,"upper",9,2021-02-26,"green",1,0,NA,2021-02-26,0,NA,0,0,TRUE
"TM2",2021,"upper",9.5,2021-02-26,"green",0,0,NA,2021-02-26,0,NA,0,0,TRUE
"TM2",2021,"upper",10,2021-02-26,"green",0,0,NA,2021-02-26,0,"blue seedlings very small",0,0,TRUE
"TM2",2021,"upper",10.5,2021-02-26,"green",0,0,NA,2021-02-26,0,NA,0,0,TRUE
"TM2",2021,"upper",11,2021-02-26,"green",0,0,NA,2021-02-26,0,NA,0,0,TRUE
"TM2",2021,"upper",11.5,2021-02-26,"green",0,0,NA,2021-02-26,0,NA,0,0,TRUE
"TM2",2021,"upper",12,2021-02-26,"green",1,0,NA,2021-02-26,0,NA,0,0,TRUE
"TM2",2021,"upper",12.5,2021-02-26,"green",0,0,NA,2021-02-26,0,NA,0,0,TRUE
"TM2",2021,"upper",13,2021-02-26,"green",0,0,NA,2021-02-26,0,NA,0,0,TRUE
"TM2",2021,"upper",13.5,2021-02-26,"green",0,0,NA,2021-02-26,0,NA,0,0,TRUE
"TM2",2021,"upper",14,2021-02-26,"green",1,0,NA,2021-02-26,0,NA,0,0,TRUE
"TM2",2021,"upper",14.5,2021-02-26,"green",0,0,NA,2021-02-26,0,NA,0,0,TRUE
"TM2",2021,"upper",15,2021-02-26,"green",0,0,NA,2021-02-26,0,NA,0,0,TRUE
"TM2",2021,"upper",15.5,2021-02-26,"green",0,0,NA,2021-02-26,0,NA,0,0,TRUE
"TM2",2021,"upper",16,2021-02-26,"green",1,0,NA,2021-02-26,0,NA,0,0,TRUE
"TM2",2021,"upper",16.5,2021-02-26,"green",0,0,NA,2021-02-26,0,NA,0,0,TRUE
"TM2",2021,"upper",17,2021-02-26,"green",1,0,NA,2021-02-26,0,NA,0,0,TRUE
"TM2",2021,"upper",17.5,2021-02-26,"green",0,0,NA,2021-02-26,0,NA,0,0,TRUE
"TM2",2021,"upper",18,2021-02-26,"green",0,0,NA,2021-02-26,0,NA,0,0,TRUE
"TM2",2021,"upper",18.5,2021-02-26,"green",0,0,NA,2021-02-26,0,NA,0,0,TRUE
"TM2",2021,"upper",19,2021-02-26,"green",0,0,NA,2021-02-26,0,NA,0,0,TRUE
"TM2",2021,"upper",19.5,2021-02-26,"green",0,0,NA,2021-02-26,0,NA,0,0,TRUE
