date,pop,plot,quadrat,notes,blu_grn.picks,blu_grn.mortality,yellow.picks,yellow.mortality,black.picks,black.mortality,red.picks,red.mortality,orange.picks,orange.mortality,blu_grn.germ,yellow.germ,black.germ,red.germ,orange.germ
12/14/2018,TM2,upper,0,all toothpicks at upper transect are green on this date,NA,NA,NA,NA,NA,NA,NA,NA,NA,NA,1,NA,NA,NA,NA
12/14/2018,TM2,upper,0.5,,NA,NA,NA,NA,NA,NA,NA,NA,NA,NA,0,NA,NA,NA,NA
12/14/2018,TM2,upper,1,,NA,NA,NA,NA,NA,NA,NA,NA,NA,NA,3,NA,NA,NA,NA
12/14/2018,TM2,upper,1.5,,NA,NA,NA,NA,NA,NA,NA,NA,NA,NA,12,NA,NA,NA,NA
12/14/2018,TM2,upper,2,,NA,NA,NA,NA,NA,NA,NA,NA,NA,NA,12,NA,NA,NA,NA
12/14/2018,TM2,upper,2.5,,NA,NA,NA,NA,NA,NA,NA,NA,NA,NA,22,NA,NA,NA,NA
12/14/2018,TM2,upper,3,,NA,NA,NA,NA,NA,NA,NA,NA,NA,NA,23,NA,NA,NA,NA
12/14/2018,TM2,upper,3.5,,NA,NA,NA,NA,NA,NA,NA,NA,NA,NA,56,NA,NA,NA,NA
12/14/2018,TM2,upper,4,,NA,NA,NA,NA,NA,NA,NA,NA,NA,NA,45,NA,NA,NA,NA
12/14/2018,TM2,upper,4.5,,NA,NA,NA,NA,NA,NA,NA,NA,NA,NA,18,NA,NA,NA,NA
12/14/2018,TM2,upper,5,,NA,NA,NA,NA,NA,NA,NA,NA,NA,NA,21,NA,NA,NA,NA
12/14/2018,TM2,upper,5.5,,NA,NA,NA,NA,NA,NA,NA,NA,NA,NA,21,NA,NA,NA,NA
12/14/2018,TM2,upper,6,,NA,NA,NA,NA,NA,NA,NA,NA,NA,NA,47,NA,NA,NA,NA
12/14/2018,TM2,upper,6.5,,NA,NA,NA,NA,NA,NA,NA,NA,NA,NA,20,NA,NA,NA,NA
12/14/2018,TM2,upper,7,,NA,NA,NA,NA,NA,NA,NA,NA,NA,NA,45,NA,NA,NA,NA
12/14/2018,TM2,upper,7.5,,NA,NA,NA,NA,NA,NA,NA,NA,NA,NA,105,NA,NA,NA,NA
12/14/2018,TM2,upper,8,,NA,NA,NA,NA,NA,NA,NA,NA,NA,NA,58,NA,NA,NA,NA
12/14/2018,TM2,upper,8.5,,NA,NA,NA,NA,NA,NA,NA,NA,NA,NA,12,NA,NA,NA,NA
12/14/2018,TM2,upper,9,,NA,NA,NA,NA,NA,NA,NA,NA,NA,NA,14,NA,NA,NA,NA
12/14/2018,TM2,upper,9.5,,NA,NA,NA,NA,NA,NA,NA,NA,NA,NA,5,NA,NA,NA,NA
12/14/2018,TM2,upper,10,,NA,NA,NA,NA,NA,NA,NA,NA,NA,NA,3,NA,NA,NA,NA
12/14/2018,TM2,upper,10.5,,NA,NA,NA,NA,NA,NA,NA,NA,NA,NA,17,NA,NA,NA,NA
12/14/2018,TM2,upper,11,,NA,NA,NA,NA,NA,NA,NA,NA,NA,NA,5,NA,NA,NA,NA
12/14/2018,TM2,upper,11.5,,NA,NA,NA,NA,NA,NA,NA,NA,NA,NA,10,NA,NA,NA,NA
12/14/2018,TM2,upper,12,,NA,NA,NA,NA,NA,NA,NA,NA,NA,NA,4,NA,NA,NA,NA
12/14/2018,TM2,upper,12.5,,NA,NA,NA,NA,NA,NA,NA,NA,NA,NA,19,NA,NA,NA,NA
12/14/2018,TM2,upper,13,,NA,NA,NA,NA,NA,NA,NA,NA,NA,NA,26,NA,NA,NA,NA
12/14/2018,TM2,upper,13.5,,NA,NA,NA,NA,NA,NA,NA,NA,NA,NA,16,NA,NA,NA,NA
12/14/2018,TM2,upper,14,,NA,NA,NA,NA,NA,NA,NA,NA,NA,NA,10,NA,NA,NA,NA
12/14/2018,TM2,upper,14.5,,NA,NA,NA,NA,NA,NA,NA,NA,NA,NA,6,NA,NA,NA,NA
12/14/2018,TM2,upper,15,,NA,NA,NA,NA,NA,NA,NA,NA,NA,NA,10,NA,NA,NA,NA
12/14/2018,TM2,upper,15.5,,NA,NA,NA,NA,NA,NA,NA,NA,NA,NA,12,NA,NA,NA,NA
12/14/2018,TM2,upper,16,,NA,NA,NA,NA,NA,NA,NA,NA,NA,NA,34,NA,NA,NA,NA
12/14/2018,TM2,upper,16.5,,NA,NA,NA,NA,NA,NA,NA,NA,NA,NA,3,NA,NA,NA,NA
12/14/2018,TM2,upper,17,,NA,NA,NA,NA,NA,NA,NA,NA,NA,NA,2,NA,NA,NA,NA
12/14/2018,TM2,upper,17.5,,NA,NA,NA,NA,NA,NA,NA,NA,NA,NA,1,NA,NA,NA,NA
12/14/2018,TM2,upper,18,,NA,NA,NA,NA,NA,NA,NA,NA,NA,NA,4,NA,NA,NA,NA
12/14/2018,TM2,upper,18.5,,NA,NA,NA,NA,NA,NA,NA,NA,NA,NA,1,NA,NA,NA,NA
12/14/2018,TM2,upper,19,,NA,NA,NA,NA,NA,NA,NA,NA,NA,NA,0,NA,NA,NA,NA
12/14/2018,TM2,upper,19.5,,NA,NA,NA,NA,NA,NA,NA,NA,NA,NA,0,NA,NA,NA,NA
12/14/2018,TM2,lower,0,,NA,NA,NA,NA,NA,NA,NA,NA,NA,NA,0,NA,NA,NA,NA
12/14/2018,TM2,lower,0.5,,NA,NA,NA,NA,NA,NA,NA,NA,NA,NA,0,NA,NA,NA,NA
12/14/2018,TM2,lower,1,,NA,NA,NA,NA,NA,NA,NA,NA,NA,NA,2,NA,NA,NA,NA
12/14/2018,TM2,lower,1.5,,NA,NA,NA,NA,NA,NA,NA,NA,NA,NA,4,NA,NA,NA,NA
12/14/2018,TM2,lower,2,,NA,NA,NA,NA,NA,NA,NA,NA,NA,NA,1,NA,NA,NA,NA
12/14/2018,TM2,lower,2.5,,NA,NA,NA,NA,NA,NA,NA,NA,NA,NA,15,NA,NA,NA,NA
12/14/2018,TM2,lower,3,,NA,NA,NA,NA,NA,NA,NA,NA,NA,NA,4,NA,NA,NA,NA
12/14/2018,TM2,lower,3.5,,NA,NA,NA,NA,NA,NA,NA,NA,NA,NA,4,NA,NA,NA,NA
12/14/2018,TM2,lower,4,,NA,NA,NA,NA,NA,NA,NA,NA,NA,NA,14,NA,NA,NA,NA
12/14/2018,TM2,lower,4.5,,NA,NA,NA,NA,NA,NA,NA,NA,NA,NA,41,NA,NA,NA,NA
12/14/2018,TM2,lower,5,,NA,NA,NA,NA,NA,NA,NA,NA,NA,NA,49,NA,NA,NA,NA
12/14/2018,TM2,lower,5.5,,NA,NA,NA,NA,NA,NA,NA,NA,NA,NA,45,NA,NA,NA,NA
12/14/2018,TM2,lower,6,,NA,NA,NA,NA,NA,NA,NA,NA,NA,NA,55,NA,NA,NA,NA
12/14/2018,TM2,lower,6.5,,NA,NA,NA,NA,NA,NA,NA,NA,NA,NA,23,NA,NA,NA,NA
12/14/2018,TM2,lower,7,,NA,NA,NA,NA,NA,NA,NA,NA,NA,NA,11,NA,NA,NA,NA
12/14/2018,TM2,lower,7.5,,NA,NA,NA,NA,NA,NA,NA,NA,NA,NA,77,NA,NA,NA,NA
12/14/2018,TM2,lower,8,,NA,NA,NA,NA,NA,NA,NA,NA,NA,NA,64,NA,NA,NA,NA
12/14/2018,TM2,lower,8.5,,NA,NA,NA,NA,NA,NA,NA,NA,NA,NA,4,NA,NA,NA,NA
12/14/2018,TM2,lower,9,,NA,NA,NA,NA,NA,NA,NA,NA,NA,NA,4,NA,NA,NA,NA
12/14/2018,TM2,lower,9.5,,NA,NA,NA,NA,NA,NA,NA,NA,NA,NA,11,NA,NA,NA,NA
12/14/2018,TM2,lower,10,,NA,NA,NA,NA,NA,NA,NA,NA,NA,NA,20,NA,NA,NA,NA
12/14/2018,TM2,lower,10.5,,NA,NA,NA,NA,NA,NA,NA,NA,NA,NA,11,NA,NA,NA,NA
12/14/2018,TM2,lower,11,,NA,NA,NA,NA,NA,NA,NA,NA,NA,NA,13,NA,NA,NA,NA
12/14/2018,TM2,lower,11.5,,NA,NA,NA,NA,NA,NA,NA,NA,NA,NA,5,NA,NA,NA,NA
12/14/2018,TM2,lower,12,,NA,NA,NA,NA,NA,NA,NA,NA,NA,NA,1,NA,NA,NA,NA
12/14/2018,TM2,lower,12.5,,NA,NA,NA,NA,NA,NA,NA,NA,NA,NA,13,NA,NA,NA,NA
12/14/2018,TM2,lower,13,,NA,NA,NA,NA,NA,NA,NA,NA,NA,NA,13,NA,NA,NA,NA
12/14/2018,TM2,lower,13.5,,NA,NA,NA,NA,NA,NA,NA,NA,NA,NA,1,NA,NA,NA,NA
12/14/2018,TM2,lower,14,,NA,NA,NA,NA,NA,NA,NA,NA,NA,NA,6,NA,NA,NA,NA
12/14/2018,TM2,lower,14.5,,NA,NA,NA,NA,NA,NA,NA,NA,NA,NA,64,NA,NA,NA,NA
12/14/2018,TM2,lower,15,,NA,NA,NA,NA,NA,NA,NA,NA,NA,NA,93,NA,NA,NA,NA
12/14/2018,TM2,lower,15.5,,NA,NA,NA,NA,NA,NA,NA,NA,NA,NA,67,NA,NA,NA,NA
12/14/2018,TM2,lower,16,,NA,NA,NA,NA,NA,NA,NA,NA,NA,NA,12,NA,NA,NA,NA
12/14/2018,TM2,lower,16.5,,NA,NA,NA,NA,NA,NA,NA,NA,NA,NA,26,NA,NA,NA,NA
12/14/2018,TM2,lower,17,,NA,NA,NA,NA,NA,NA,NA,NA,NA,NA,34,NA,NA,NA,NA
12/14/2018,TM2,lower,17.5,,NA,NA,NA,NA,NA,NA,NA,NA,NA,NA,76,NA,NA,NA,NA
12/14/2018,TM2,lower,18,,NA,NA,NA,NA,NA,NA,NA,NA,NA,NA,72,NA,NA,NA,NA
12/14/2018,TM2,lower,18.5,,NA,NA,NA,NA,NA,NA,NA,NA,NA,NA,64,NA,NA,NA,NA
12/31/2018,TM2,upper,0,numbers don't match for green picks. More on this count?,1,0,NA,NA,NA,NA,NA,NA,NA,NA,NA,0,0,NA,NA
12/31/2018,TM2,upper,0.5,,0,0,NA,NA,NA,NA,NA,NA,NA,NA,NA,0,0,NA,NA
12/31/2018,TM2,upper,1,,3,0,NA,NA,NA,NA,NA,NA,NA,NA,NA,2,0,NA,NA
12/31/2018,TM2,upper,1.5,,12,0,NA,NA,NA,NA,NA,NA,NA,NA,NA,1,0,NA,NA
12/31/2018,TM2,upper,2,,9,0,NA,NA,NA,NA,NA,NA,NA,NA,NA,0,0,NA,NA
12/31/2018,TM2,upper,2.5,"*some new yellows, may be out of the plot on the bottom",21,0,NA,NA,NA,NA,NA,NA,NA,NA,NA,7,0,NA,NA
12/31/2018,TM2,upper,3,,21,1,NA,NA,NA,NA,NA,NA,NA,NA,NA,2,0,NA,NA
12/31/2018,TM2,upper,3.5,,47,0,NA,NA,NA,NA,NA,NA,NA,NA,NA,1,0,NA,NA
12/31/2018,TM2,upper,4,"true leaves, not new & might be out of plot",46,1,NA,NA,NA,NA,NA,NA,NA,NA,NA,3,1,NA,NA
12/31/2018,TM2,upper,4.5,"some may be out of plot to top, starting plot 4.5 we are just marking new seminents",NA,NA,NA,NA,NA,NA,NA,NA,NA,NA,NA,4,0,NA,NA
12/31/2018,TM2,upper,5,black not new in upper right,NA,NA,NA,NA,NA,NA,NA,NA,NA,NA,NA,5,1,NA,NA
12/31/2018,TM2,upper,5.5,,NA,NA,NA,NA,NA,NA,NA,NA,NA,NA,NA,2,0,NA,NA
12/31/2018,TM2,upper,6,,NA,NA,NA,NA,NA,NA,NA,NA,NA,NA,NA,4,0,NA,NA
12/31/2018,TM2,upper,6.5,,NA,NA,NA,NA,NA,NA,NA,NA,NA,NA,NA,3,1,NA,NA
12/31/2018,TM2,upper,7,,NA,NA,NA,NA,NA,NA,NA,NA,NA,NA,NA,22,1,NA,NA
12/31/2018,TM2,upper,7.5,,NA,NA,NA,NA,NA,NA,NA,NA,NA,NA,NA,6,2,NA,NA
12/31/2018,TM2,upper,8,,NA,NA,NA,NA,NA,NA,NA,NA,NA,NA,NA,1,1,NA,NA
12/31/2018,TM2,upper,8.5,,NA,NA,NA,NA,NA,NA,NA,NA,NA,NA,NA,1,1,NA,NA
12/31/2018,TM2,upper,9,black has 2 true leaves,NA,NA,NA,NA,NA,NA,NA,NA,NA,NA,NA,1,1,NA,NA
12/31/2018,TM2,upper,9.5,black has 2 true leaves,NA,NA,NA,NA,NA,NA,NA,NA,NA,NA,NA,3,1,NA,NA
12/31/2018,TM2,upper,10,,NA,NA,NA,NA,NA,NA,NA,NA,NA,NA,NA,0,0,NA,NA
12/31/2018,TM2,upper,10.5,black behind rock in middle of plot,NA,NA,NA,NA,NA,NA,NA,NA,NA,NA,NA,1,1,NA,NA
12/31/2018,TM2,upper,11,,NA,NA,NA,NA,NA,NA,NA,NA,NA,NA,NA,3,0,NA,NA
12/31/2018,TM2,upper,11.5,,NA,NA,NA,NA,NA,NA,NA,NA,NA,NA,NA,1,0,NA,NA
12/31/2018,TM2,upper,12,black near top of plot,NA,NA,NA,NA,NA,NA,NA,NA,NA,NA,NA,10,1,NA,NA
12/31/2018,TM2,upper,12.5,3 black near top,NA,NA,NA,NA,NA,NA,NA,NA,NA,NA,NA,10,4,NA,NA
12/31/2018,TM2,upper,13,,NA,NA,NA,NA,NA,NA,NA,NA,NA,NA,NA,5,0,NA,NA
12/31/2018,TM2,upper,13.5,,NA,NA,NA,NA,NA,NA,NA,NA,NA,NA,NA,1,1,NA,NA
12/31/2018,TM2,upper,14,,NA,NA,NA,NA,NA,NA,NA,NA,NA,NA,NA,1,0,NA,NA
12/31/2018,TM2,upper,14.5,,NA,NA,NA,NA,NA,NA,NA,NA,NA,NA,NA,0,1,NA,NA
12/31/2018,TM2,upper,15,black near top of plot,NA,NA,NA,NA,NA,NA,NA,NA,NA,NA,NA,1,1,NA,NA
12/31/2018,TM2,upper,15.5,,NA,NA,NA,NA,NA,NA,NA,NA,NA,NA,NA,10,0,NA,NA
12/31/2018,TM2,upper,16,,NA,NA,NA,NA,NA,NA,NA,NA,NA,NA,NA,6,0,NA,NA
12/31/2018,TM2,upper,16.5,,NA,NA,NA,NA,NA,NA,NA,NA,NA,NA,NA,0,0,NA,NA
12/31/2018,TM2,upper,17,,NA,NA,NA,NA,NA,NA,NA,NA,NA,NA,NA,0,0,NA,NA
12/31/2018,TM2,upper,17.5,,NA,NA,NA,NA,NA,NA,NA,NA,NA,NA,NA,0,0,NA,NA
12/31/2018,TM2,upper,18,,NA,NA,NA,NA,NA,NA,NA,NA,NA,NA,NA,0,0,NA,NA
12/31/2018,TM2,upper,18.5,,NA,NA,NA,NA,NA,NA,NA,NA,NA,NA,NA,0,0,NA,NA
12/31/2018,TM2,upper,19,,NA,NA,NA,NA,NA,NA,NA,NA,NA,NA,NA,0,0,NA,NA
12/31/2018,TM2,upper,19.5,,NA,NA,NA,NA,NA,NA,NA,NA,NA,NA,NA,NA,0,NA,NA
12/31/2018,TM2,lower,0,black picks are for seedlings w/true leaves & look bigger,NA,NA,NA,NA,NA,NA,NA,NA,NA,NA,NA,0,0,NA,NA
12/31/2018,TM2,lower,0.5,,NA,NA,NA,NA,NA,NA,NA,NA,NA,NA,NA,0,0,NA,NA
12/31/2018,TM2,lower,1,,NA,NA,NA,NA,NA,NA,NA,NA,NA,NA,NA,0,0,NA,NA
12/31/2018,TM2,lower,1.5,,NA,NA,NA,NA,NA,NA,NA,NA,NA,NA,NA,0,0,NA,NA
12/31/2018,TM2,lower,2,,NA,NA,NA,NA,NA,NA,NA,NA,NA,NA,NA,1,0,NA,NA
12/31/2018,TM2,lower,2.5,,NA,NA,NA,NA,NA,NA,NA,NA,NA,NA,NA,1,0,NA,NA
12/31/2018,TM2,lower,3,,NA,NA,NA,NA,NA,NA,NA,NA,NA,NA,NA,8,6,NA,NA
12/31/2018,TM2,lower,3.5,,NA,NA,NA,NA,NA,NA,NA,NA,NA,NA,NA,1,1,NA,NA
12/31/2018,TM2,lower,4,,NA,NA,NA,NA,NA,NA,NA,NA,NA,NA,NA,10,3,NA,NA
12/31/2018,TM2,lower,4.5,,NA,NA,NA,NA,NA,NA,NA,NA,NA,NA,NA,6,0,NA,NA
12/31/2018,TM2,lower,5,,NA,NA,NA,NA,NA,NA,NA,NA,NA,NA,NA,14,0,NA,NA
12/31/2018,TM2,lower,5.5,,NA,NA,NA,NA,NA,NA,NA,NA,NA,NA,NA,9,0,NA,NA
12/31/2018,TM2,lower,6,,NA,NA,NA,NA,NA,NA,NA,NA,NA,NA,NA,8,0,NA,NA
12/31/2018,TM2,lower,6.5,,NA,NA,NA,NA,NA,NA,NA,NA,NA,NA,NA,12,0,NA,NA
12/31/2018,TM2,lower,7,,NA,NA,NA,NA,NA,NA,NA,NA,NA,NA,NA,16,5,NA,NA
12/31/2018,TM2,lower,7.5,some black may be out on top of plot,NA,NA,NA,NA,NA,NA,NA,NA,NA,NA,NA,15,22,NA,NA
12/31/2018,TM2,lower,8,,NA,NA,NA,NA,NA,NA,NA,NA,NA,NA,NA,8,3,NA,NA
12/31/2018,TM2,lower,8.5,,NA,NA,NA,NA,NA,NA,NA,NA,NA,NA,NA,1,0,NA,NA
12/31/2018,TM2,lower,9,,NA,NA,NA,NA,NA,NA,NA,NA,NA,NA,NA,4,3,NA,NA
12/31/2018,TM2,lower,9.5,,NA,NA,NA,NA,NA,NA,NA,NA,NA,NA,NA,6,2,NA,NA
12/31/2018,TM2,lower,10,,NA,NA,NA,NA,NA,NA,NA,NA,NA,NA,NA,0,2,NA,NA
12/31/2018,TM2,lower,10.5,,NA,NA,NA,NA,NA,NA,NA,NA,NA,NA,NA,0,0,NA,NA
12/31/2018,TM2,lower,11,,NA,NA,NA,NA,NA,NA,NA,NA,NA,NA,NA,2,1,NA,NA
12/31/2018,TM2,lower,11.5,,NA,NA,NA,NA,NA,NA,NA,NA,NA,NA,NA,1,0,NA,NA
12/31/2018,TM2,lower,12,,NA,NA,NA,NA,NA,NA,NA,NA,NA,NA,NA,0,1,NA,NA
12/31/2018,TM2,lower,12.5,,NA,NA,NA,NA,NA,NA,NA,NA,NA,NA,NA,0,0,NA,NA
12/31/2018,TM2,lower,13,,NA,NA,NA,NA,NA,NA,NA,NA,NA,NA,NA,3,0,NA,NA
12/31/2018,TM2,lower,13.5,,NA,NA,NA,NA,NA,NA,NA,NA,NA,NA,NA,5,0,NA,NA
12/31/2018,TM2,lower,14,,NA,NA,NA,NA,NA,NA,NA,NA,NA,NA,NA,9,0,NA,NA
12/31/2018,TM2,lower,14.5,,NA,NA,NA,NA,NA,NA,NA,NA,NA,NA,NA,6,0,NA,NA
12/31/2018,TM2,lower,15,,NA,NA,NA,NA,NA,NA,NA,NA,NA,NA,NA,8,3,NA,NA
12/31/2018,TM2,lower,15.5,,NA,NA,NA,NA,NA,NA,NA,NA,NA,NA,NA,29,3,NA,NA
12/31/2018,TM2,lower,16,,NA,NA,NA,NA,NA,NA,NA,NA,NA,NA,NA,32,0,NA,NA
12/31/2018,TM2,lower,16.5,,NA,NA,NA,NA,NA,NA,NA,NA,NA,NA,NA,13,0,NA,NA
12/31/2018,TM2,lower,17,,NA,NA,NA,NA,NA,NA,NA,NA,NA,NA,NA,18,0,NA,NA
12/31/2018,TM2,lower,17.5,,NA,NA,NA,NA,NA,NA,NA,NA,NA,NA,NA,10,0,NA,NA
12/31/2018,TM2,lower,18,,NA,NA,NA,NA,NA,NA,NA,NA,NA,NA,NA,11,0,NA,NA
12/31/2018,TM2,lower,18.5,,NA,NA,NA,NA,NA,NA,NA,NA,NA,NA,NA,29,0,NA,NA
1/23/2019,TM2,upper,0,,NA,NA,NA,NA,NA,NA,NA,NA,NA,NA,NA,NA,NA,0,NA
1/23/2019,TM2,upper,0.5,,NA,NA,NA,NA,NA,NA,NA,NA,NA,NA,NA,NA,NA,0,NA
1/23/2019,TM2,upper,1,,NA,NA,NA,NA,NA,NA,NA,NA,NA,NA,NA,NA,NA,0,NA
1/23/2019,TM2,upper,1.5,,NA,NA,NA,NA,NA,NA,NA,NA,NA,NA,NA,NA,NA,2,NA
1/23/2019,TM2,upper,2,,NA,NA,NA,NA,NA,NA,NA,NA,NA,NA,NA,NA,NA,1,NA
1/23/2019,TM2,upper,2.5,,NA,NA,NA,NA,NA,NA,NA,NA,NA,NA,NA,NA,NA,4,NA
1/23/2019,TM2,upper,3,,NA,NA,NA,NA,NA,NA,NA,NA,NA,NA,NA,NA,NA,0,NA
1/23/2019,TM2,upper,3.5,,NA,NA,NA,NA,NA,NA,NA,NA,NA,NA,NA,NA,NA,2,NA
1/23/2019,TM2,upper,4,,NA,NA,NA,NA,NA,NA,NA,NA,NA,NA,NA,NA,NA,1,NA
1/23/2019,TM2,upper,4.5,,NA,NA,NA,NA,NA,NA,NA,NA,NA,NA,NA,NA,NA,3,NA
1/23/2019,TM2,upper,5,,NA,NA,NA,NA,NA,NA,NA,NA,NA,NA,NA,NA,NA,1,NA
1/23/2019,TM2,upper,5.5,,NA,NA,NA,NA,NA,NA,NA,NA,NA,NA,NA,NA,NA,0,NA
1/23/2019,TM2,upper,6,,NA,NA,NA,NA,NA,NA,NA,NA,NA,NA,NA,NA,NA,0,NA
1/23/2019,TM2,upper,6.5,,NA,NA,NA,NA,NA,NA,NA,NA,NA,NA,NA,NA,NA,0,NA
1/23/2019,TM2,upper,7,,NA,NA,NA,NA,NA,NA,NA,NA,NA,NA,NA,NA,NA,5,NA
1/23/2019,TM2,upper,7.5,,NA,NA,NA,NA,NA,NA,NA,NA,NA,NA,NA,NA,NA,2,NA
1/23/2019,TM2,upper,8,,NA,NA,NA,NA,NA,NA,NA,NA,NA,NA,NA,NA,NA,0,NA
1/23/2019,TM2,upper,8.5,,NA,NA,NA,NA,NA,NA,NA,NA,NA,NA,NA,NA,NA,1,NA
1/23/2019,TM2,upper,9,,NA,NA,NA,NA,NA,NA,NA,NA,NA,NA,NA,NA,NA,0,NA
1/23/2019,TM2,upper,9.5,,NA,NA,NA,NA,NA,NA,NA,NA,NA,NA,NA,NA,NA,0,NA
1/23/2019,TM2,upper,10,,NA,NA,NA,NA,NA,NA,NA,NA,NA,NA,NA,NA,NA,0,NA
1/23/2019,TM2,upper,10.5,,NA,NA,NA,NA,NA,NA,NA,NA,NA,NA,NA,NA,NA,0,NA
1/23/2019,TM2,upper,11,,NA,NA,NA,NA,NA,NA,NA,NA,NA,NA,NA,NA,NA,2,NA
1/23/2019,TM2,upper,11.5,,NA,NA,NA,NA,NA,NA,NA,NA,NA,NA,NA,NA,NA,1,NA
1/23/2019,TM2,upper,12,,NA,NA,NA,NA,NA,NA,NA,NA,NA,NA,NA,NA,NA,0,NA
1/23/2019,TM2,upper,12.5,,NA,NA,NA,NA,NA,NA,NA,NA,NA,NA,NA,NA,NA,0,NA
1/23/2019,TM2,upper,13,,NA,NA,NA,NA,NA,NA,NA,NA,NA,NA,NA,NA,NA,1,NA
1/23/2019,TM2,upper,13.5,,NA,NA,NA,NA,NA,NA,NA,NA,NA,NA,NA,NA,NA,0,NA
1/23/2019,TM2,upper,14,,NA,NA,NA,NA,NA,NA,NA,NA,NA,NA,NA,NA,NA,0,NA
1/23/2019,TM2,upper,14.5,,NA,NA,NA,NA,NA,NA,NA,NA,NA,NA,NA,NA,NA,0,NA
1/23/2019,TM2,upper,15,,NA,NA,NA,NA,NA,NA,NA,NA,NA,NA,NA,NA,NA,1,NA
1/23/2019,TM2,upper,15.5,,NA,NA,NA,NA,NA,NA,NA,NA,NA,NA,NA,NA,NA,3,NA
1/23/2019,TM2,upper,16,,NA,NA,NA,NA,NA,NA,NA,NA,NA,NA,NA,NA,NA,2,NA
1/23/2019,TM2,upper,16.5,,NA,NA,NA,NA,NA,NA,NA,NA,NA,NA,NA,NA,NA,0,NA
1/23/2019,TM2,upper,17,,NA,NA,NA,NA,NA,NA,NA,NA,NA,NA,NA,NA,NA,0,NA
1/23/2019,TM2,upper,17.5,,NA,NA,NA,NA,NA,NA,NA,NA,NA,NA,NA,NA,NA,0,NA
1/23/2019,TM2,upper,18,,NA,NA,NA,NA,NA,NA,NA,NA,NA,NA,NA,NA,NA,0,NA
1/23/2019,TM2,upper,18.5,,NA,NA,NA,NA,NA,NA,NA,NA,NA,NA,NA,NA,NA,0,NA
1/23/2019,TM2,upper,19,,NA,NA,NA,NA,NA,NA,NA,NA,NA,NA,NA,NA,NA,0,NA
1/23/2019,TM2,upper,19.5,,NA,NA,NA,NA,NA,NA,NA,NA,NA,NA,NA,NA,NA,0,NA
1/23/2019,TM2,lower,0,,NA,NA,NA,NA,NA,NA,NA,NA,NA,NA,NA,NA,NA,0,NA
1/23/2019,TM2,lower,0.5,,NA,NA,NA,NA,NA,NA,NA,NA,NA,NA,NA,NA,NA,0,NA
1/23/2019,TM2,lower,1,,NA,NA,NA,NA,NA,NA,NA,NA,NA,NA,NA,NA,NA,0,NA
1/23/2019,TM2,lower,1.5,,NA,NA,NA,NA,NA,NA,NA,NA,NA,NA,NA,NA,NA,0,NA
1/23/2019,TM2,lower,2,,NA,NA,NA,NA,NA,NA,NA,NA,NA,NA,NA,NA,NA,0,NA
1/23/2019,TM2,lower,2.5,,NA,NA,NA,NA,NA,NA,NA,NA,NA,NA,NA,NA,NA,0,NA
1/23/2019,TM2,lower,3,,NA,NA,NA,NA,NA,NA,NA,NA,NA,NA,NA,NA,NA,5,NA
1/23/2019,TM2,lower,3.5,,NA,NA,NA,NA,NA,NA,NA,NA,NA,NA,NA,NA,NA,0,NA
1/23/2019,TM2,lower,4,,NA,NA,NA,NA,NA,NA,NA,NA,NA,NA,NA,NA,NA,1,NA
1/23/2019,TM2,lower,4.5,,NA,NA,NA,NA,NA,NA,NA,NA,NA,NA,NA,NA,NA,18,NA
1/23/2019,TM2,lower,5,,NA,NA,NA,NA,NA,NA,NA,NA,NA,NA,NA,NA,NA,10,NA
1/23/2019,TM2,lower,5.5,,NA,NA,NA,NA,NA,NA,NA,NA,NA,NA,NA,NA,NA,32,NA
1/23/2019,TM2,lower,6,,NA,NA,NA,NA,NA,NA,NA,NA,NA,NA,NA,NA,NA,10,NA
1/23/2019,TM2,lower,6.5,,NA,NA,NA,NA,NA,NA,NA,NA,NA,NA,NA,NA,NA,40,NA
1/23/2019,TM2,lower,7,,NA,NA,NA,NA,NA,NA,NA,NA,NA,NA,NA,NA,NA,17,NA
1/23/2019,TM2,lower,7.5,,NA,NA,NA,NA,NA,NA,NA,NA,NA,NA,NA,NA,NA,7,NA
1/23/2019,TM2,lower,8,,NA,NA,NA,NA,NA,NA,NA,NA,NA,NA,NA,NA,NA,1,NA
1/23/2019,TM2,lower,8.5,,NA,NA,NA,NA,NA,NA,NA,NA,NA,NA,NA,NA,NA,0,NA
1/23/2019,TM2,lower,9,,NA,NA,NA,NA,NA,NA,NA,NA,NA,NA,NA,NA,NA,1,NA
1/23/2019,TM2,lower,9.5,,NA,NA,NA,NA,NA,NA,NA,NA,NA,NA,NA,NA,NA,3,NA
1/23/2019,TM2,lower,10,,NA,NA,NA,NA,NA,NA,NA,NA,NA,NA,NA,NA,NA,4,NA
1/23/2019,TM2,lower,10.5,,NA,NA,NA,NA,NA,NA,NA,NA,NA,NA,NA,NA,NA,2,NA
1/23/2019,TM2,lower,11,,NA,NA,NA,NA,NA,NA,NA,NA,NA,NA,NA,NA,NA,4,NA
1/23/2019,TM2,lower,11.5,,NA,NA,NA,NA,NA,NA,NA,NA,NA,NA,NA,NA,NA,0,NA
1/23/2019,TM2,lower,12,,NA,NA,NA,NA,NA,NA,NA,NA,NA,NA,NA,NA,NA,0,NA
1/23/2019,TM2,lower,12.5,,NA,NA,NA,NA,NA,NA,NA,NA,NA,NA,NA,NA,NA,0,NA
1/23/2019,TM2,lower,13,,NA,NA,NA,NA,NA,NA,NA,NA,NA,NA,NA,NA,NA,1,NA
1/23/2019,TM2,lower,13.5,,NA,NA,NA,NA,NA,NA,NA,NA,NA,NA,NA,NA,NA,1,NA
1/23/2019,TM2,lower,14,,NA,NA,NA,NA,NA,NA,NA,NA,NA,NA,NA,NA,NA,2,NA
1/23/2019,TM2,lower,14.5,,NA,NA,NA,NA,NA,NA,NA,NA,NA,NA,NA,NA,NA,9,NA
1/23/2019,TM2,lower,15,,NA,NA,NA,NA,NA,NA,NA,NA,NA,NA,NA,NA,NA,11,NA
1/23/2019,TM2,lower,15.5,,NA,NA,NA,NA,NA,NA,NA,NA,NA,NA,NA,NA,NA,6,NA
1/23/2019,TM2,lower,16,,NA,NA,NA,NA,NA,NA,NA,NA,NA,NA,NA,NA,NA,4,NA
1/23/2019,TM2,lower,16.5,,NA,NA,NA,NA,NA,NA,NA,NA,NA,NA,NA,NA,NA,1,NA
1/23/2019,TM2,lower,17,,NA,NA,NA,NA,NA,NA,NA,NA,NA,NA,NA,NA,NA,4,NA
1/23/2019,TM2,lower,17.5,,NA,NA,NA,NA,NA,NA,NA,NA,NA,NA,NA,NA,NA,1,NA
1/23/2019,TM2,lower,18,,NA,NA,NA,NA,NA,NA,NA,NA,NA,NA,NA,NA,NA,10,NA
1/23/2019,TM2,lower,18.5,,NA,NA,NA,NA,NA,NA,NA,NA,NA,NA,NA,NA,NA,2,NA
3/13/2019,TM2,upper,0,,NA,NA,NA,NA,NA,NA,NA,NA,NA,NA,NA,NA,NA,NA,0
3/13/2019,TM2,upper,0.5,,NA,NA,NA,NA,NA,NA,NA,NA,NA,NA,NA,NA,NA,NA,0
3/13/2019,TM2,upper,1,,NA,NA,NA,NA,NA,NA,NA,NA,NA,NA,NA,NA,NA,NA,0
3/13/2019,TM2,upper,1.5,,NA,NA,NA,NA,NA,NA,NA,NA,NA,NA,NA,NA,NA,NA,0
3/13/2019,TM2,upper,2,,NA,NA,NA,NA,NA,NA,NA,NA,NA,NA,NA,NA,NA,NA,0
3/13/2019,TM2,upper,2.5,,NA,NA,NA,NA,NA,NA,NA,NA,NA,NA,NA,NA,NA,NA,1
3/13/2019,TM2,upper,3,1 loose red pick,NA,NA,NA,NA,NA,NA,NA,NA,NA,NA,NA,NA,NA,NA,0
3/13/2019,TM2,upper,3.5,,NA,NA,NA,NA,NA,NA,NA,NA,NA,NA,NA,NA,NA,NA,0
3/13/2019,TM2,upper,4,,NA,NA,NA,NA,NA,NA,NA,NA,NA,NA,NA,NA,NA,NA,1
3/13/2019,TM2,upper,4.5,,NA,NA,NA,NA,NA,NA,NA,NA,NA,NA,NA,NA,NA,NA,0
3/13/2019,TM2,upper,5,,NA,NA,NA,NA,NA,NA,NA,NA,NA,NA,NA,NA,NA,NA,0
3/13/2019,TM2,upper,5.5,,NA,NA,NA,NA,NA,NA,NA,NA,NA,NA,NA,NA,NA,NA,0
3/13/2019,TM2,upper,6,,NA,NA,NA,NA,NA,NA,NA,NA,NA,NA,NA,NA,NA,NA,0
3/13/2019,TM2,upper,6.5,,NA,NA,NA,NA,NA,NA,NA,NA,NA,NA,NA,NA,NA,NA,0
3/13/2019,TM2,upper,7,,NA,NA,NA,NA,NA,NA,NA,NA,NA,NA,NA,NA,NA,NA,0
3/13/2019,TM2,upper,7.5,,NA,NA,NA,NA,NA,NA,NA,NA,NA,NA,NA,NA,NA,NA,0
3/13/2019,TM2,upper,8,,NA,NA,NA,NA,NA,NA,NA,NA,NA,NA,NA,NA,NA,NA,0
3/13/2019,TM2,upper,8.5,,NA,NA,NA,NA,NA,NA,NA,NA,NA,NA,NA,NA,NA,NA,0
3/13/2019,TM2,upper,9,,NA,NA,NA,NA,NA,NA,NA,NA,NA,NA,NA,NA,NA,NA,0
3/13/2019,TM2,upper,9.5,,NA,NA,NA,NA,NA,NA,NA,NA,NA,NA,NA,NA,NA,NA,0
3/13/2019,TM2,upper,10,,NA,NA,NA,NA,NA,NA,NA,NA,NA,NA,NA,NA,NA,NA,0
3/13/2019,TM2,upper,10.5,,NA,NA,NA,NA,NA,NA,NA,NA,NA,NA,NA,NA,NA,NA,0
3/13/2019,TM2,upper,11,,NA,NA,NA,NA,NA,NA,NA,NA,NA,NA,NA,NA,NA,NA,0
3/13/2019,TM2,upper,11.5,,NA,NA,NA,NA,NA,NA,NA,NA,NA,NA,NA,NA,NA,NA,0
3/13/2019,TM2,upper,12,,NA,NA,NA,NA,NA,NA,NA,NA,NA,NA,NA,NA,NA,NA,0
3/13/2019,TM2,upper,12.5,,NA,NA,NA,NA,NA,NA,NA,NA,NA,NA,NA,NA,NA,NA,0
3/13/2019,TM2,upper,13,,NA,NA,NA,NA,NA,NA,NA,NA,NA,NA,NA,NA,NA,NA,0
3/13/2019,TM2,upper,13.5,,NA,NA,NA,NA,NA,NA,NA,NA,NA,NA,NA,NA,NA,NA,0
3/13/2019,TM2,upper,14,,NA,NA,NA,NA,NA,NA,NA,NA,NA,NA,NA,NA,NA,NA,0
3/13/2019,TM2,upper,14.5,,NA,NA,NA,NA,NA,NA,NA,NA,NA,NA,NA,NA,NA,NA,0
3/13/2019,TM2,upper,15,,NA,NA,NA,NA,NA,NA,NA,NA,NA,NA,NA,NA,NA,NA,0
3/13/2019,TM2,upper,15.5,,NA,NA,NA,NA,NA,NA,NA,NA,NA,NA,NA,NA,NA,NA,0
3/13/2019,TM2,upper,16,,NA,NA,NA,NA,NA,NA,NA,NA,NA,NA,NA,NA,NA,NA,0
3/13/2019,TM2,upper,16.5,,NA,NA,NA,NA,NA,NA,NA,NA,NA,NA,NA,NA,NA,NA,0
3/13/2019,TM2,upper,17,,NA,NA,NA,NA,NA,NA,NA,NA,NA,NA,NA,NA,NA,NA,0
3/13/2019,TM2,upper,17.5,,NA,NA,NA,NA,NA,NA,NA,NA,NA,NA,NA,NA,NA,NA,0
3/13/2019,TM2,upper,18,,NA,NA,NA,NA,NA,NA,NA,NA,NA,NA,NA,NA,NA,NA,0
3/13/2019,TM2,upper,18.5,,NA,NA,NA,NA,NA,NA,NA,NA,NA,NA,NA,NA,NA,NA,0
3/13/2019,TM2,upper,19,,NA,NA,NA,NA,NA,NA,NA,NA,NA,NA,NA,NA,NA,NA,0
3/13/2019,TM2,upper,19.5,,NA,NA,NA,NA,NA,NA,NA,NA,NA,NA,NA,NA,NA,NA,0
3/13/2019,TM2,lower,0,,NA,NA,NA,NA,NA,NA,NA,NA,NA,NA,NA,NA,NA,NA,0
3/13/2019,TM2,lower,0.5,,NA,NA,NA,NA,NA,NA,NA,NA,NA,NA,NA,NA,NA,NA,0
3/13/2019,TM2,lower,1,,NA,NA,NA,NA,NA,NA,NA,NA,NA,NA,NA,NA,NA,NA,0
3/13/2019,TM2,lower,1.5,,NA,NA,NA,NA,NA,NA,NA,NA,NA,NA,NA,NA,NA,NA,0
3/13/2019,TM2,lower,2,,NA,NA,NA,NA,NA,NA,NA,NA,NA,NA,NA,NA,NA,NA,0
3/13/2019,TM2,lower,2.5,,NA,NA,NA,NA,NA,NA,NA,NA,NA,NA,NA,NA,NA,NA,0
3/13/2019,TM2,lower,3,,NA,NA,NA,NA,NA,NA,NA,NA,NA,NA,NA,NA,NA,NA,2
3/13/2019,TM2,lower,3.5,,NA,NA,NA,NA,NA,NA,NA,NA,NA,NA,NA,NA,NA,NA,1
3/13/2019,TM2,lower,4,,NA,NA,NA,NA,NA,NA,NA,NA,NA,NA,NA,NA,NA,NA,0
3/13/2019,TM2,lower,4.5,,NA,NA,NA,NA,NA,NA,NA,NA,NA,NA,NA,NA,NA,NA,5
3/13/2019,TM2,lower,5,,NA,NA,NA,NA,NA,NA,NA,NA,NA,NA,NA,NA,NA,NA,3
3/13/2019,TM2,lower,5.5,,NA,NA,NA,NA,NA,NA,NA,NA,NA,NA,NA,NA,NA,NA,5
3/13/2019,TM2,lower,6,,NA,NA,NA,NA,NA,NA,NA,NA,NA,NA,NA,NA,NA,NA,6
3/13/2019,TM2,lower,6.5,,NA,NA,NA,NA,NA,NA,NA,NA,NA,NA,NA,NA,NA,NA,3
3/13/2019,TM2,lower,7,,NA,NA,NA,NA,NA,NA,NA,NA,NA,NA,NA,NA,NA,NA,7
3/13/2019,TM2,lower,7.5,,NA,NA,NA,NA,NA,NA,NA,NA,NA,NA,NA,NA,NA,NA,8
3/13/2019,TM2,lower,8,,NA,NA,NA,NA,NA,NA,NA,NA,NA,NA,NA,NA,NA,NA,2
3/13/2019,TM2,lower,8.5,,NA,NA,NA,NA,NA,NA,NA,NA,NA,NA,NA,NA,NA,NA,0
3/13/2019,TM2,lower,9,,NA,NA,NA,NA,NA,NA,NA,NA,NA,NA,NA,NA,NA,NA,2
3/13/2019,TM2,lower,9.5,,NA,NA,NA,NA,NA,NA,NA,NA,NA,NA,NA,NA,NA,NA,0
3/13/2019,TM2,lower,10,,NA,NA,NA,NA,NA,NA,NA,NA,NA,NA,NA,NA,NA,NA,0
3/13/2019,TM2,lower,10.5,,NA,NA,NA,NA,NA,NA,NA,NA,NA,NA,NA,NA,NA,NA,0
3/13/2019,TM2,lower,11,,NA,NA,NA,NA,NA,NA,NA,NA,NA,NA,NA,NA,NA,NA,0
3/13/2019,TM2,lower,11.5,,NA,NA,NA,NA,NA,NA,NA,NA,NA,NA,NA,NA,NA,NA,0
3/13/2019,TM2,lower,12,,NA,NA,NA,NA,NA,NA,NA,NA,NA,NA,NA,NA,NA,NA,0
3/13/2019,TM2,lower,12.5,,NA,NA,NA,NA,NA,NA,NA,NA,NA,NA,NA,NA,NA,NA,0
3/13/2019,TM2,lower,13,,NA,NA,NA,NA,NA,NA,NA,NA,NA,NA,NA,NA,NA,NA,1
3/13/2019,TM2,lower,13.5,,NA,NA,NA,NA,NA,NA,NA,NA,NA,NA,NA,NA,NA,NA,0
3/13/2019,TM2,lower,14,,NA,NA,NA,NA,NA,NA,NA,NA,NA,NA,NA,NA,NA,NA,0
3/13/2019,TM2,lower,14.5,,NA,NA,NA,NA,NA,NA,NA,NA,NA,NA,NA,NA,NA,NA,0
3/13/2019,TM2,lower,15,,NA,NA,NA,NA,NA,NA,NA,NA,NA,NA,NA,NA,NA,NA,0
3/13/2019,TM2,lower,15.5,,NA,NA,NA,NA,NA,NA,NA,NA,NA,NA,NA,NA,NA,NA,1
3/13/2019,TM2,lower,16,,NA,NA,NA,NA,NA,NA,NA,NA,NA,NA,NA,NA,NA,NA,10
3/13/2019,TM2,lower,16.5,,NA,NA,NA,NA,NA,NA,NA,NA,NA,NA,NA,NA,NA,NA,7
3/13/2019,TM2,lower,17,,NA,NA,NA,NA,NA,NA,NA,NA,NA,NA,NA,NA,NA,NA,7
3/13/2019,TM2,lower,17.5,,NA,NA,NA,NA,NA,NA,NA,NA,NA,NA,NA,NA,NA,NA,8
3/13/2019,TM2,lower,18,,NA,NA,NA,NA,NA,NA,NA,NA,NA,NA,NA,NA,NA,NA,2
3/13/2019,TM2,lower,18.5,,NA,NA,NA,NA,NA,NA,NA,NA,NA,NA,NA,NA,NA,NA,2
